month,region,area_km2,nodata_km2,water_km2,bare_km2,sparse_veg_km2,dense_veg_km2,snow_ice_km2,post_collapse,usable
2019-07,reservoir_bed,278.15,0.0,277.845,0.216,0.044,0.045,0.0,False,True
2019-07,bilozerskyi_lyman,14.191,0.0,14.158,0.016,0.008,0.008,0.0,False,True
2019-07,other_water,0.327,0.0,0.269,0.007,0.049,0.003,0.0,False,True
2020-07,reservoir_bed,278.15,0.0,277.756,0.27,0.06,0.065,0.0,False,True
2020-07,bilozerskyi_lyman,14.191,0.0,14.175,0.003,0.006,0.009,0.0,False,True
2020-07,other_water,0.327,0.0,0.232,0.061,0.028,0.005,0.0,False,True
2021-07,reservoir_bed,278.15,0.0,277.896,0.167,0.035,0.052,0.0,False,True
2021-07,bilozerskyi_lyman,14.191,0.0,14.178,0.005,0.005,0.004,0.0,False,True
2021-07,other_water,0.327,0.0,0.297,0.007,0.008,0.014,0.0,False,True
2021-08,reservoir_bed,278.15,0.0,277.791,0.254,0.047,0.057,0.0,False,True
2021-08,bilozerskyi_lyman,14.191,0.0,14.181,0.002,0.004,0.005,0.0,False,True
2021-08,other_water,0.327,0.0,0.294,0.011,0.009,0.013,0.0,False,True
2022-07,reservoir_bed,278.15,0.0,277.81,0.224,0.045,0.07,0.0,False,True
2022-07,bilozerskyi_lyman,14.191,0.0,14.178,0.006,0.004,0.004,0.0,False,True
2022-07,other_water,0.327,0.0,0.13,0.096,0.07,0.031,0.0,False,True
2022-10,reservoir_bed,278.15,0.0,277.76,0.29,0.052,0.047,0.0,False,True
2022-10,bilozerskyi_lyman,14.191,0.0,14.172,0.001,0.014,0.004,0.0,False,True
2022-10,other_water,0.327,0.0,0.127,0.005,0.007,0.188,0.0,False,True
2023-02,reservoir_bed,278.15,0.0,270.967,2.626,0.002,0.0,4.555,False,True
2023-02,bilozerskyi_lyman,14.191,0.0,14.077,0.007,0.0,0.0,0.108,False,True
2023-02,other_water,0.327,0.0,0.098,0.193,0.002,0.0,0.034,False,True
2023-04,reservoir_bed,278.15,0.174,275.007,2.943,0.02,0.006,0.0,False,True
2023-04,bilozerskyi_lyman,14.191,0.0,14.104,0.086,0.0,0.0,0.0,False,True
2023-04,other_water,0.327,0.0,0.166,0.032,0.128,0.002,0.0,False,True
2023-05,reservoir_bed,278.15,0.0,277.258,0.853,0.029,0.01,0.0,False,True
2023-05,bilozerskyi_lyman,14.191,0.0,14.186,0.004,0.002,0.0,0.0,False,True
2023-05,other_water,0.327,0.0,0.129,0.033,0.053,0.112,0.0,False,True
2023-06,reservoir_bed,278.15,0.0,107.566,168.853,1.683,0.048,0.0,True,True
2023-06,bilozerskyi_lyman,14.191,0.0,14.18,0.006,0.003,0.003,0.0,True,True
2023-06,other_water,0.327,0.0,0.092,0.077,0.082,0.076,0.0,True,True
2023-07,reservoir_bed,278.15,0.0,38.796,236.412,2.882,0.059,0.0,True,True
2023-07,bilozerskyi_lyman,14.191,0.0,14.186,0.001,0.002,0.002,0.0,True,True
2023-07,other_water,0.327,0.0,0.151,0.035,0.035,0.106,0.0,True,True
2023-08,reservoir_bed,278.15,0.0,50.914,171.869,34.828,20.539,0.0,True,True
2023-08,bilozerskyi_lyman,14.191,0.0,14.185,0.002,0.002,0.003,0.0,True,True
2023-08,other_water,0.327,0.0,0.279,0.025,0.006,0.017,0.0,True,True
2023-09,reservoir_bed,278.15,0.0,29.707,128.625,46.853,72.965,0.0,True,True
2023-09,bilozerskyi_lyman,14.191,0.0,14.185,0.001,0.003,0.003,0.0,True,True
2023-09,other_water,0.327,0.0,0.278,0.013,0.014,0.022,0.0,True,True
2023-10,reservoir_bed,278.15,0.0,29.418,114.078,49.123,85.53,0.0,True,True
2023-10,bilozerskyi_lyman,14.191,0.0,14.172,0.0,0.016,0.003,0.0,True,True
2023-10,other_water,0.327,0.0,0.276,0.014,0.014,0.022,0.0,True,True
2023-11,reservoir_bed,278.15,0.0,34.872,102.625,55.887,84.29,0.475,True,True
2023-11,bilozerskyi_lyman,14.191,0.0,14.168,0.001,0.021,0.001,0.0,True,True
2023-11,other_water,0.327,0.0,0.275,0.016,0.014,0.021,0.0,True,True
2023-12,reservoir_bed,278.15,8.266,43.799,151.223,53.763,20.183,0.916,True,True
2023-12,bilozerskyi_lyman,14.191,0.0,13.876,0.241,0.001,0.0,0.074,True,True
2023-12,other_water,0.327,0.0,0.273,0.033,0.009,0.012,0.0,True,True
2024-01,reservoir_bed,278.15,0.0,98.174,118.276,36.226,7.528,17.946,True,True
2024-01,bilozerskyi_lyman,14.191,0.0,14.184,0.007,0.001,0.0,0.0,True,True
2024-01,other_water,0.327,0.0,0.275,0.036,0.002,0.012,0.001,True,True
2024-02,reservoir_bed,278.15,0.269,82.707,150.537,37.154,5.76,1.724,True,True
2024-02,bilozerskyi_lyman,14.191,0.0,14.159,0.025,0.0,0.0,0.007,True,True
2024-02,other_water,0.327,0.0,0.27,0.041,0.005,0.011,0.0,True,True
2024-03,reservoir_bed,278.15,0.0,159.078,94.812,17.462,3.631,3.168,True,True
2024-03,bilozerskyi_lyman,14.191,0.0,14.174,0.017,0.0,0.0,0.0,True,True
2024-03,other_water,0.327,0.0,0.273,0.038,0.003,0.012,0.0,True,True
2024-04,reservoir_bed,278.15,0.0,121.665,101.076,25.392,30.016,0.0,True,True
2024-04,bilozerskyi_lyman,14.191,0.0,14.186,0.004,0.002,0.0,0.0,True,True
2024-04,other_water,0.327,0.0,0.276,0.016,0.019,0.015,0.0,True,True
2024-05,reservoir_bed,278.15,0.0,139.407,45.053,17.027,76.663,0.0,True,True
2024-05,bilozerskyi_lyman,14.191,0.0,14.189,0.0,0.001,0.001,0.0,True,True
2024-05,other_water,0.327,0.0,0.124,0.136,0.03,0.038,0.0,True,True
2024-06,reservoir_bed,278.15,0.626,73.864,57.004,28.995,117.66,0.0,True,True
2024-06,bilozerskyi_lyman,14.191,0.0,14.185,0.002,0.002,0.003,0.0,True,True
2024-06,other_water,0.327,0.0,0.274,0.005,0.001,0.046,0.0,True,True
2024-07,reservoir_bed,278.15,0.13,46.349,59.928,34.188,137.555,0.0,True,True
2024-07,bilozerskyi_lyman,14.191,0.0,14.186,0.001,0.002,0.002,0.0,True,True
2024-07,other_water,0.327,0.0,0.278,0.001,0.001,0.047,0.0,True,True
2024-08,reservoir_bed,278.15,0.118,23.059,69.981,32.637,152.353,0.0,True,True
2024-08,bilozerskyi_lyman,14.191,0.0,14.184,0.0,0.002,0.005,0.0,True,True
2024-08,other_water,0.327,0.0,0.279,0.0,0.0,0.047,0.0,True,True
2024-09,reservoir_bed,278.15,0.0,28.046,53.144,33.694,163.266,0.0,True,True
2024-09,bilozerskyi_lyman,14.191,0.0,14.176,0.0,0.002,0.013,0.0,True,True
2024-09,other_water,0.327,0.0,0.277,0.0,0.002,0.048,0.0,True,True
2024-10,reservoir_bed,278.15,0.0,19.382,68.079,39.216,151.473,0.0,True,True
2024-10,bilozerskyi_lyman,14.191,0.0,14.176,0.001,0.005,0.01,0.0,True,True
2024-10,other_water,0.327,0.0,0.277,0.001,0.002,0.047,0.0,True,True
2024-11,reservoir_bed,278.15,0.003,40.589,61.608,97.9,77.597,0.452,True,True
2024-11,bilozerskyi_lyman,14.191,0.0,14.17,0.002,0.015,0.001,0.004,True,True
2024-11,other_water,0.327,0.0,0.274,0.003,0.022,0.028,0.0,True,True
2024-12,reservoir_bed,278.15,0.152,35.037,104.758,107.42,24.986,5.796,True,True
2024-12,bilozerskyi_lyman,14.191,0.0,14.172,0.008,0.008,0.0,0.004,True,True
2024-12,other_water,0.327,0.0,0.27,0.008,0.022,0.024,0.003,True,True
2025-01,reservoir_bed,278.15,0.0,24.265,94.873,117.232,41.185,0.595,True,True
2025-01,bilozerskyi_lyman,14.191,0.0,14.171,0.017,0.002,0.0,0.0,True,True
2025-01,other_water,0.327,0.0,0.26,0.024,0.02,0.023,0.0,True,True
2025-02,reservoir_bed,278.15,0.0,31.226,107.929,45.316,0.407,93.271,True,False
2025-02,bilozerskyi_lyman,14.191,0.0,1.313,0.0,0.0,0.0,12.879,True,False
2025-02,other_water,0.327,0.0,0.006,0.02,0.014,0.0,0.286,True,False
2025-03,reservoir_bed,278.15,0.0,21.836,185.405,68.985,1.538,0.386,True,True
2025-03,bilozerskyi_lyman,14.191,0.0,14.174,0.017,0.0,0.0,0.0,True,True
2025-03,other_water,0.327,0.0,0.272,0.022,0.032,0.0,0.0,True,True
2025-04,reservoir_bed,278.15,0.0,20.955,120.896,84.74,51.559,0.0,True,True
2025-04,bilozerskyi_lyman,14.191,0.0,14.181,0.009,0.002,0.0,0.0,True,True
2025-04,other_water,0.327,0.0,0.273,0.018,0.014,0.021,0.0,True,True
2025-05,reservoir_bed,278.15,0.0,17.012,70.191,58.338,132.609,0.0,True,True
2025-05,bilozerskyi_lyman,14.191,0.0,14.171,0.0,0.008,0.012,0.0,True,True
2025-05,other_water,0.327,0.0,0.157,0.122,0.004,0.044,0.0,True,True
2025-06,reservoir_bed,278.15,0.0,18.092,43.68,35.166,181.212,0.0,True,True
2025-06,bilozerskyi_lyman,14.191,0.0,14.166,0.014,0.007,0.004,0.0,True,True
2025-06,other_water,0.327,0.0,0.086,0.193,0.001,0.047,0.0,True,True
2025-07,reservoir_bed,278.15,0.0,18.826,34.175,33.822,191.326,0.0,True,True
2025-07,bilozerskyi_lyman,14.191,0.0,14.003,0.173,0.01,0.006,0.0,True,True
2025-07,other_water,0.327,0.0,0.228,0.028,0.02,0.05,0.0,True,True
2025-08,reservoir_bed,278.15,0.0,18.591,39.196,39.26,181.103,0.0,True,True
2025-08,bilozerskyi_lyman,14.191,0.0,12.443,1.721,0.026,0.002,0.0,True,True
2025-08,other_water,0.327,0.0,0.088,0.12,0.024,0.096,0.0,True,True
2025-09,reservoir_bed,278.15,0.0,17.028,33.7,43.233,184.188,0.0,True,True
2025-09,bilozerskyi_lyman,14.191,0.0,12.705,1.388,0.087,0.011,0.0,True,True
2025-09,other_water,0.327,0.0,0.087,0.069,0.038,0.133,0.0,True,True
2025-10,reservoir_bed,278.15,0.006,18.499,47.722,90.531,121.391,0.0,True,True
2025-10,bilozerskyi_lyman,14.191,0.0,12.568,1.517,0.1,0.006,0.0,True,True
2025-10,other_water,0.327,0.0,0.084,0.061,0.039,0.144,0.0,True,True
2025-11,reservoir_bed,278.15,0.038,16.749,75.844,145.998,39.387,0.134,True,True
2025-11,bilozerskyi_lyman,14.191,0.0,13.073,0.364,0.276,0.009,0.468,True,True
2025-11,other_water,0.327,0.0,0.084,0.105,0.117,0.021,0.0,True,True
2025-12,reservoir_bed,278.15,81.171,28.798,75.187,42.179,5.332,45.483,True,False
2025-12,bilozerskyi_lyman,14.191,12.314,0.781,0.015,0.043,0.003,1.036,True,False
2025-12,other_water,0.327,0.165,0.079,0.025,0.034,0.021,0.002,True,False
2026-01,reservoir_bed,278.15,0.0,16.034,0.001,0.0,0.0,262.114,True,False
2026-01,bilozerskyi_lyman,14.191,0.0,0.0,0.0,0.0,0.0,14.191,True,False
2026-01,other_water,0.327,0.0,0.0,0.0,0.0,0.0,0.327,True,False
2026-02,reservoir_bed,278.15,0.0,42.282,147.356,47.553,0.594,40.365,True,True
2026-02,bilozerskyi_lyman,14.191,0.0,4.774,0.057,0.0,0.0,9.36,True,False
2026-02,other_water,0.327,0.0,0.136,0.121,0.03,0.0,0.04,True,True
2026-03,reservoir_bed,278.15,0.0,26.516,147.386,103.14,0.962,0.146,True,True
2026-03,bilozerskyi_lyman,14.191,0.0,13.863,0.056,0.024,0.002,0.247,True,True
2026-03,other_water,0.327,0.0,0.154,0.112,0.061,0.0,0.0,True,True
2026-04,reservoir_bed,278.15,0.0,42.802,101.871,93.15,40.327,0.0,True,True
2026-04,bilozerskyi_lyman,14.191,0.0,13.211,0.87,0.108,0.002,0.0,True,True
2026-04,other_water,0.327,0.0,0.184,0.013,0.115,0.014,0.0,True,True
2026-05,reservoir_bed,278.15,0.0,25.015,71.648,71.626,109.861,0.0,True,True
2026-05,bilozerskyi_lyman,14.191,0.0,12.849,1.152,0.181,0.011,0.0,True,True
2026-05,other_water,0.327,0.0,0.17,0.003,0.014,0.139,0.0,True,True
2026-06,reservoir_bed,278.15,0.019,22.092,31.907,23.825,200.306,0.0,True,True
2026-06,bilozerskyi_lyman,14.191,0.0,12.703,1.341,0.134,0.013,0.0,True,True
2026-06,other_water,0.327,0.0,0.102,0.031,0.043,0.151,0.0,True,True
2026-07,reservoir_bed,278.15,0.0,20.868,25.484,20.999,210.798,0.0,True,True
2026-07,bilozerskyi_lyman,14.191,0.0,12.245,1.528,0.291,0.127,0.0,True,True
2026-07,other_water,0.327,0.0,0.088,0.008,0.012,0.219,0.0,True,True
2026-08,reservoir_bed,278.15,0.0,19.95,25.518,22.158,210.524,0.0,True,True
2026-08,bilozerskyi_lyman,14.191,0.0,10.557,3.096,0.341,0.198,0.0,True,True
2026-08,other_water,0.327,0.0,0.088,0.001,0.032,0.206,0.0,True,True
