set,point_id,month,row,col,stratum,label,fold,cnn,phase1,ndvi,mndwi,phase1_cv
pilot,0,2024-08,947,838,water,water,1,water,water,-0.2120000123977661,0.17254173755645752,water
pilot,1,2024-08,757,458,vegetation,dense_veg,0,dense_veg,dense_veg,0.6436363458633423,-0.40551766753196716,dense_veg
pilot,3,2024-08,1740,206,bare,bare,1,bare,bare,0.20864328742027283,-0.26461726427078247,bare
pilot,4,2025-04,150,1432,vegetation,dense_veg,3,dense_veg,dense_veg,0.5362763404846191,-0.4662756621837616,dense_veg
pilot,5,2024-08,1079,956,vegetation,dense_veg,1,dense_veg,dense_veg,0.7890974283218384,-0.47929883003234863,dense_veg
pilot,6,2024-08,776,671,vegetation,dense_veg,0,dense_veg,dense_veg,0.6503728628158569,-0.41701364517211914,dense_veg
pilot,7,2024-08,657,1088,bare,bare,2,bare,bare,0.1946018636226654,-0.323581337928772,bare
pilot,8,2024-10,751,2159,vegetation,dense_veg,0,dense_veg,dense_veg,0.7640232443809509,-0.5249266624450684,dense_veg
pilot,9,2024-10,663,2091,vegetation,dense_veg,2,dense_veg,dense_veg,0.8115471005439758,-0.5778145790100098,dense_veg
pilot,10,2025-04,616,1345,bare,bare,0,bare,bare,0.1878172606229782,-0.3458479344844818,bare
pilot,11,2024-08,1529,220,vegetation,dense_veg,0,dense_veg,dense_veg,0.7925021648406982,-0.5100885629653931,dense_veg
pilot,12,2024-08,859,1358,bare,bare,0,bare,bare,0.14243972301483154,-0.21382911503314972,bare
pilot,13,2024-08,1080,864,vegetation,dense_veg,3,dense_veg,dense_veg,0.8570514917373657,-0.5394348502159119,dense_veg
pilot,14,2024-08,1385,373,vegetation,dense_veg,0,dense_veg,dense_veg,0.8557443022727966,-0.5245435833930969,dense_veg
pilot,15,2024-08,592,99,vegetation,dense_veg,3,dense_veg,dense_veg,0.7806385159492493,-0.5843325257301331,dense_veg
pilot,16,2024-08,1592,1291,water,water,3,water,water,0.09667196124792099,0.08904113620519638,water
pilot,17,2024-08,1017,1570,vegetation,dense_veg,1,dense_veg,dense_veg,0.8424900770187378,-0.5244036316871643,dense_veg
pilot,18,2024-08,706,1582,bare,bare,1,bare,bare,0.07626355439424515,-0.27081990242004395,bare
pilot,19,2024-08,835,1496,bare,bare,0,bare,bare,0.10413693636655807,-0.2687377333641052,bare
pilot,20,2025-04,161,1090,vegetation,dense_veg,2,dense_veg,dense_veg,0.6551724076271057,-0.3978779911994934,dense_veg
pilot,21,2024-08,1377,988,vegetation,dense_veg,1,dense_veg,dense_veg,0.8582881689071655,-0.4937794804573059,dense_veg
pilot,22,2024-08,790,481,bare,bare,2,bare,bare,0.05450991168618202,-0.11075400561094284,bare
pilot,23,2024-08,1223,199,bare,water,0,bare,bare,0.1500742882490158,-0.14181819558143616,bare
pilot,24,2024-08,629,414,vegetation,dense_veg,1,dense_veg,dense_veg,0.7657657265663147,-0.5267118811607361,dense_veg
pilot,25,2025-04,391,1988,water,water,0,water,water,-0.09090909361839294,0.18441560864448547,water
pilot,26,2024-10,716,1637,water,water,1,water,water,-0.2083333283662796,0.13957932591438293,water
pilot,27,2024-08,1254,422,vegetation,dense_veg,2,dense_veg,dense_veg,0.8490646481513977,-0.4960629940032959,dense_veg
pilot,28,2024-08,754,762,vegetation,dense_veg,1,dense_veg,dense_veg,0.7263157963752747,-0.5126968622207642,dense_veg
pilot,29,2024-08,1501,1044,vegetation,dense_veg,2,dense_veg,dense_veg,0.5106468200683594,-0.29451286792755127,dense_veg
train,0,2024-08,833,2270,water,water,1,water,water,0.051926273852586746,0.11835336685180664,water
train,1,2025-04,293,1264,water,water,0,water,water,-0.11038963496685028,0.24558590352535248,water
train,2,2024-08,983,401,high,dense_veg,1,dense_veg,dense_veg,0.6818475723266602,-0.40477773547172546,dense_veg
train,3,2024-08,484,238,water,water,0,water,water,0.3373134136199951,0.09023255854845047,water
train,4,2024-08,1207,166,bare,bare,3,bare,bare,0.1403314769268036,-0.2878989279270172,bare
train,5,2024-08,657,1378,high,dense_veg,0,dense_veg,dense_veg,0.7807587385177612,-0.5009002089500427,dense_veg
train,6,2024-08,879,976,bare,bare,3,bare,bare,0.1218487098813057,-0.4353303909301758,bare
train,7,2024-08,1125,206,mid,bare,0,bare,bare,0.28231561183929443,-0.37201616168022156,bare
train,8,2024-08,479,304,high,dense_veg,1,dense_veg,dense_veg,0.7752106189727783,-0.40109387040138245,dense_veg
train,9,2025-04,280,936,mid,sparse_veg,3,dense_veg,sparse_veg,0.3050483465194702,-0.2648967504501343,sparse_veg
train,10,2024-08,807,1699,mid,sparse_veg,1,bare,bare,0.23575133085250854,-0.2588234841823578,bare
train,11,2025-04,459,748,mid,sparse_veg,2,bare,sparse_veg,0.3239589035511017,-0.39534881711006165,sparse_veg
train,12,2024-08,944,39,bare,bare,0,bare,bare,0.1268138587474823,-0.2647574543952942,bare
train,13,2024-08,1043,1514,water,water,0,water,water,0.037800684571266174,0.6103059649467468,water
train,14,2024-08,1017,1171,mid,bare,2,dense_veg,sparse_veg,0.47624072432518005,-0.2921236455440521,sparse_veg
train,15,2024-08,1066,298,mid,bare,1,bare,sparse_veg,0.34254691004753113,-0.27419355511665344,sparse_veg
train,16,2024-10,783,2128,mid,bare,1,bare,bare,0.2733367681503296,-0.39939025044441223,bare
train,17,2024-10,659,2169,mid,bare,0,bare,sparse_veg,0.46220096945762634,-0.4451948404312134,sparse_veg
train,18,2024-08,892,542,high,dense_veg,2,dense_veg,dense_veg,0.7680087089538574,-0.37204301357269287,dense_veg
train,19,2024-08,1105,306,mid,dense_veg,2,bare,sparse_veg,0.39335182309150696,-0.36803340911865234,sparse_veg
train,20,2024-08,1347,793,mid,bare,2,sparse_veg,sparse_veg,0.3394624888896942,-0.3744581639766693,sparse_veg
train,21,2025-04,188,1125,mid,sparse_veg,0,sparse_veg,sparse_veg,0.4268248677253723,-0.4230493903160095,sparse_veg
train,22,2024-08,964,977,high,dense_veg,1,dense_veg,dense_veg,0.8404254913330078,-0.5530990958213806,dense_veg
train,23,2024-08,1024,471,mid,bare,2,sparse_veg,sparse_veg,0.34585022926330566,-0.2800789177417755,sparse_veg
train,24,2025-04,581,731,mid,sparse_veg,1,bare,bare,0.21420764923095703,-0.38231033086776733,bare
train,25,2025-04,212,857,bare,bare,3,bare,bare,0.20928645133972168,-0.3651960492134094,bare
train,26,2024-08,1740,50,water,water,0,water,water,-0.05027934908866882,0.24137932062149048,water
train,27,2024-08,1180,75,high,dense_veg,3,dense_veg,dense_veg,0.8565617203712463,-0.5273486375808716,dense_veg
train,28,2025-04,208,1496,mid,bare,0,sparse_veg,bare,0.29674097895622253,-0.3671497702598572,bare
train,29,2024-08,868,2221,high,dense_veg,2,dense_veg,dense_veg,0.8044138550758362,-0.4785361886024475,dense_veg
train,30,2024-08,1585,805,high,dense_veg,0,dense_veg,dense_veg,0.8709977269172668,-0.5244618058204651,dense_veg
train,31,2024-08,703,1053,bare,bare,0,bare,bare,0.05906040221452713,-0.04323353245854378,bare
train,32,2024-08,1044,1610,mid,bare,3,bare,sparse_veg,0.33035898208618164,-0.25124794244766235,sparse_veg
train,33,2025-04,236,1060,high,dense_veg,2,dense_veg,dense_veg,0.5238094925880432,-0.4932126998901367,dense_veg
train,34,2025-04,39,798,mid,water,0,water,bare,0.25435543060302734,-0.007159892003983259,bare
train,35,2025-04,101,1153,water,water,1,water,water,-0.12602739036083221,0.10596834868192673,water
train,36,2024-08,1062,742,high,dense_veg,3,dense_veg,dense_veg,0.8077348470687866,-0.4934585988521576,dense_veg
train,37,2025-04,292,2120,mid,bare,0,bare,bare,0.20903299748897552,-0.16115349531173706,bare
train,38,2024-08,1719,578,mid,bare,3,bare,bare,0.2145499289035797,-0.32148808240890503,bare
train,39,2024-08,1692,702,high,dense_veg,1,dense_veg,dense_veg,0.8752570152282715,-0.5136953592300415,dense_veg
train,40,2024-08,1165,490,mid,sparse_veg,2,sparse_veg,sparse_veg,0.3729190230369568,-0.291704386472702,sparse_veg
train,41,2025-04,501,2022,mid,bare,2,bare,bare,0.27985650300979614,-0.3818267285823822,bare
train,42,2024-08,1051,1553,high,dense_veg,3,dense_veg,dense_veg,0.7475817799568176,-0.5267389416694641,dense_veg
train,43,2025-04,321,1622,mid,bare,0,bare,bare,0.14527598023414612,-0.21592488884925842,bare
train,44,2025-04,195,2080,water,water,3,water,water,-0.25601130723953247,0.2702702283859253,water
train,45,2025-04,355,1368,high,dense_veg,2,dense_veg,sparse_veg,0.4413675367832184,-0.4735386073589325,sparse_veg
train,46,2024-08,1695,86,bare,bare,2,bare,bare,0.09313851594924927,-0.04830223321914673,bare
train,47,2025-04,552,1846,mid,bare,3,bare,bare,0.2643478214740753,-0.472137987613678,bare
train,48,2024-08,1520,363,water,water,2,water,water,-0.2232142835855484,0.3446808457374573,water
train,49,2024-08,1375,99,bare,bare,0,bare,bare,0.19077004492282867,-0.2700363099575043,bare
train,50,2025-04,439,1164,bare,sparse_veg,2,sparse_veg,sparse_veg,0.4524119794368744,-0.3921130895614624,sparse_veg
train,51,2024-08,782,796,mid,bare,1,bare,bare,0.23537804186344147,-0.3114151656627655,bare
train,52,2024-08,1096,420,high,sparse_veg,3,dense_veg,dense_veg,0.502319872379303,-0.30357709527015686,dense_veg
train,53,2024-08,1396,801,high,dense_veg,0,dense_veg,dense_veg,0.7816354036331177,-0.44717907905578613,dense_veg
train,54,2025-04,346,824,bare,bare,1,bare,bare,0.16852839291095734,-0.4120754599571228,bare
train,55,2024-08,1290,664,high,sparse_veg,1,dense_veg,dense_veg,0.7428508996963501,-0.4948830008506775,dense_veg
train,56,2024-08,568,173,high,dense_veg,0,dense_veg,dense_veg,0.8809379935264587,-0.5806174278259277,dense_veg
train,57,2024-08,1475,947,mid,bare,3,bare,sparse_veg,0.3012462556362152,-0.35978835821151733,sparse_veg
train,58,2024-08,1086,98,high,dense_veg,3,dense_veg,dense_veg,0.8530877828598022,-0.5367521643638611,dense_veg
train,59,2025-04,422,2082,water,water,3,water,water,0.07796607166528702,0.0972222238779068,water
train,60,2024-08,1901,452,bare,bare,1,bare,bare,0.0897325649857521,-0.18521036207675934,bare
train,61,2024-08,1572,977,mid,bare,2,bare,sparse_veg,0.4544425904750824,-0.3280317783355713,sparse_veg
train,62,2024-08,567,130,mid,bare,0,bare,bare,0.21669693291187286,-0.36783796548843384,bare
train,63,2024-08,1120,954,mid,sparse_veg,1,sparse_veg,sparse_veg,0.3915890157222748,-0.3168478310108185,sparse_veg
train,64,2025-04,494,1262,high,bare,3,bare,bare,0.25574272871017456,-0.5819209218025208,bare
train,65,2024-08,508,324,high,dense_veg,3,dense_veg,dense_veg,0.5765872001647949,-0.4506097435951233,dense_veg
train,66,2025-04,340,731,mid,bare,2,bare,bare,0.18649621307849884,-0.3561454713344574,bare
train,67,2024-08,631,1531,bare,bare,3,bare,bare,0.0764925479888916,-0.2572717070579529,bare
train,68,2024-08,885,281,mid,bare,3,bare,bare,0.25279054045677185,-0.34507259726524353,bare
train,69,2024-08,1120,3,bare,bare,1,bare,bare,0.08943089842796326,-0.23449793457984924,bare
train,70,2024-08,1150,332,high,dense_veg,0,dense_veg,dense_veg,0.6525241136550903,-0.43661972880363464,dense_veg
train,71,2025-04,402,1199,mid,sparse_veg,0,sparse_veg,sparse_veg,0.3695395886898041,-0.3986223340034485,sparse_veg
train,72,2024-08,1491,900,mid,sparse_veg,3,bare,sparse_veg,0.3342192769050598,-0.36484190821647644,sparse_veg
train,73,2024-08,746,72,bare,bare,1,bare,bare,0.1702963411808014,-0.3554140031337738,bare
train,74,2024-08,783,865,mid,bare,0,bare,bare,0.23986856639385223,-0.35738444328308105,bare
train,75,2025-04,94,906,mid,sparse_veg,1,sparse_veg,sparse_veg,0.3271656930446625,-0.3858267366886139,sparse_veg
train,76,2024-08,1292,585,mid,sparse_veg,1,bare,sparse_veg,0.3207893669605255,-0.29700541496276855,sparse_veg
train,77,2024-08,1440,1203,high,dense_veg,3,dense_veg,dense_veg,0.7965954542160034,-0.4746072590351105,dense_veg
train,78,2024-08,1344,229,water,water,1,water,water,0.43289223313331604,0.3889468312263489,water
train,79,2024-10,621,2062,mid,bare,1,bare,bare,0.25285646319389343,-0.3537604510784149,bare
train,80,2024-08,700,316,bare,bare,0,bare,bare,0.1652892529964447,-0.28162747621536255,bare
train,81,2024-08,977,794,mid,sparse_veg,0,dense_veg,sparse_veg,0.3381159007549286,-0.297108918428421,sparse_veg
train,82,2025-04,421,1122,high,dense_veg,3,dense_veg,dense_veg,0.514285683631897,-0.49382713437080383,dense_veg
train,83,2024-10,760,1840,water,water,2,water,water,0.10996560752391815,0.09499136358499527,water
train,84,2024-08,1126,1051,mid,bare,2,sparse_veg,sparse_veg,0.4456852972507477,-0.4156688451766968,sparse_veg
train,85,2025-04,376,861,bare,bare,2,bare,bare,0.1541135609149933,-0.3857702612876892,bare
train,86,2024-08,772,948,mid,sparse_veg,0,dense_veg,sparse_veg,0.4106280207633972,-0.2944015562534332,sparse_veg
train,87,2024-08,643,1205,water,water,2,water,water,0.3999999761581421,0.031066324561834335,water
train,88,2024-08,908,1423,high,dense_veg,1,dense_veg,dense_veg,0.8490245938301086,-0.5271287560462952,dense_veg
train,89,2024-08,1150,622,mid,bare,2,bare,bare,0.2501072287559509,-0.39103013277053833,bare
train,90,2024-08,663,693,bare,bare,1,bare,bare,0.16573816537857056,-0.38707834482192993,bare
train,91,2025-04,517,1088,bare,bare,3,sparse_veg,bare,0.29194191098213196,-0.4329199492931366,bare
train,92,2024-08,1321,1299,high,sparse_veg,2,dense_veg,dense_veg,0.642727792263031,-0.5374045968055725,dense_veg
train,93,2024-08,1309,1148,high,dense_veg,2,dense_veg,dense_veg,0.8258258700370789,-0.4891088902950287,dense_veg
train,94,2025-04,424,1857,mid,bare,2,bare,bare,0.160677969455719,-0.3103664219379425,bare
train,95,2025-04,276,1204,mid,sparse_veg,2,sparse_veg,sparse_veg,0.3581395447254181,-0.4053407609462738,sparse_veg
train,96,2024-08,646,366,mid,bare,1,bare,bare,0.2697186768054962,-0.31752458214759827,bare
train,97,2024-08,903,1177,mid,sparse_veg,2,sparse_veg,sparse_veg,0.33625727891921997,-0.3545369505882263,sparse_veg
train,98,2025-04,434,1478,high,sparse_veg,3,sparse_veg,sparse_veg,0.4746268689632416,-0.4658085107803345,sparse_veg
train,99,2024-08,1286,981,bare,bare,0,bare,bare,0.13062408566474915,-0.3312302827835083,bare
train,100,2025-04,450,1349,high,bare,0,bare,sparse_veg,0.3330945670604706,-0.4900193512439728,sparse_veg
train,101,2024-08,1229,1109,high,dense_veg,0,dense_veg,dense_veg,0.8593482375144958,-0.49793216586112976,dense_veg
train,102,2024-08,1142,1430,mid,sparse_veg,1,bare,sparse_veg,0.44180890917778015,-0.37982437014579773,sparse_veg
train,103,2025-04,177,2116,water,water,3,water,water,-0.09965638071298599,0.24386250972747803,water
train,104,2024-10,835,1983,high,sparse_veg,3,dense_veg,dense_veg,0.5862423181533813,-0.46295082569122314,dense_veg
train,105,2025-04,466,647,mid,water,2,bare,bare,0.16022668778896332,-0.2717086672782898,bare
train,106,2025-04,618,647,mid,bare,3,bare,bare,0.11265970766544342,-0.15438705682754517,bare
train,107,2024-08,695,737,mid,bare,1,bare,bare,0.20890574157238007,-0.3708721399307251,bare
train,108,2024-08,1009,416,high,dense_veg,0,dense_veg,dense_veg,0.7980456352233887,-0.5093256235122681,dense_veg
train,109,2025-04,336,769,mid,bare,0,bare,bare,0.25507500767707825,-0.19024138152599335,bare
train,110,2024-08,1040,666,high,dense_veg,1,dense_veg,dense_veg,0.7700650691986084,-0.5183672904968262,dense_veg
train,111,2024-08,1460,209,mid,water,2,water,sparse_veg,0.497667133808136,-0.03485836833715439,sparse_veg
train,112,2024-08,1251,826,mid,water,3,dense_veg,sparse_veg,0.41981467604637146,-0.44762957096099854,sparse_veg
train,113,2024-08,1297,1111,mid,bare,1,bare,bare,0.20260222256183624,-0.297140508890152,bare
train,114,2025-04,415,1014,mid,sparse_veg,0,sparse_veg,sparse_veg,0.30399730801582336,-0.4126183092594147,bare
train,115,2024-08,1427,478,mid,sparse_veg,2,bare,bare,0.2747621536254883,-0.4009123146533966,bare
train,116,2024-08,1828,166,mid,sparse_veg,0,bare,sparse_veg,0.32431602478027344,-0.4039609730243683,sparse_veg
train,117,2024-08,1051,1257,high,dense_veg,2,dense_veg,dense_veg,0.756584882736206,-0.503105640411377,dense_veg
train,118,2024-08,950,1482,mid,bare,2,bare,bare,0.20830309391021729,-0.2668740153312683,bare
train,119,2024-08,743,287,high,dense_veg,2,sparse_veg,dense_veg,0.6708464026451111,-0.41775837540626526,dense_veg
train,120,2024-08,1425,376,mid,dense_veg,3,sparse_veg,sparse_veg,0.49937862157821655,-0.4998604655265808,sparse_veg
train,121,2024-08,548,330,mid,bare,2,bare,bare,0.20399513840675354,-0.36159461736679077,bare
train,122,2025-04,416,673,mid,sparse_veg,3,dense_veg,sparse_veg,0.36641523241996765,-0.2798888087272644,sparse_veg
train,123,2025-04,354,1647,mid,bare,1,bare,bare,0.1745406687259674,-0.3212003707885742,bare
train,124,2025-04,333,1088,mid,water,1,bare,bare,0.25210869312286377,-0.3983739912509918,bare
train,125,2024-08,836,549,mid,sparse_veg,0,bare,sparse_veg,0.4984375238418579,-0.3192755877971649,sparse_veg
train,126,2025-04,297,1343,high,dense_veg,0,sparse_veg,sparse_veg,0.34862104058265686,-0.4967665672302246,sparse_veg
train,127,2024-08,705,459,mid,sparse_veg,3,dense_veg,sparse_veg,0.4814166724681854,-0.3424358367919922,sparse_veg
train,128,2024-08,1464,81,bare,bare,2,bare,bare,0.193485826253891,-0.22852511703968048,bare
train,129,2024-08,1594,644,mid,water,2,bare,bare,0.2887159585952759,-0.21016950905323029,bare
train,130,2024-08,1021,791,mid,bare,2,bare,bare,0.20402206480503082,-0.25042590498924255,bare
train,131,2025-04,109,1042,mid,bare,1,bare,sparse_veg,0.30657172203063965,-0.47913670539855957,sparse_veg
train,132,2024-08,769,407,mid,bare,3,bare,sparse_veg,0.34467747807502747,-0.4516335725784302,sparse_veg
train,133,2024-08,1360,1398,water,water,2,water,water,0.2571428418159485,0.14337566494941711,water
train,134,2024-08,1091,1165,mid,water,3,bare,bare,0.23923785984516144,-0.11797309666872025,bare
train,135,2024-08,925,529,mid,bare,3,bare,sparse_veg,0.30877673625946045,-0.10348904877901077,sparse_veg
train,136,2024-08,975,76,high,bare,3,sparse_veg,dense_veg,0.5637884736061096,-0.43719637393951416,dense_veg
train,137,2024-08,1672,745,high,dense_veg,1,dense_veg,dense_veg,0.8558635115623474,-0.48246365785598755,dense_veg
train,138,2025-04,569,874,bare,bare,0,bare,bare,0.17748421430587769,-0.24593837559223175,bare
train,139,2025-04,450,1911,mid,bare,3,bare,bare,0.18171340227127075,-0.3319163918495178,bare
train,140,2024-08,1566,599,mid,bare,3,bare,bare,0.22369582951068878,-0.37648412585258484,bare
train,141,2024-08,1197,808,high,dense_veg,3,dense_veg,dense_veg,0.7441620230674744,-0.42960286140441895,dense_veg
train,142,2024-08,642,1117,mid,bare,3,dense_veg,sparse_veg,0.33095744252204895,-0.3556230664253235,sparse_veg
train,143,2025-04,443,2018,water,water,1,water,water,-0.10622712969779968,0.24561402201652527,water
train,144,2024-10,542,2126,mid,bare,2,bare,bare,0.11976851522922516,-0.23340177536010742,bare
train,145,2025-04,375,997,mid,bare,1,bare,bare,0.17824532091617584,-0.17362448573112488,bare
train,146,2024-08,1781,291,mid,bare,1,bare,bare,0.29818183183670044,-0.14636874198913574,bare
train,147,2024-08,1008,516,bare,bare,0,bare,bare,0.16966581344604492,-0.27082496881484985,bare
train,148,2024-08,556,242,mid,water,3,bare,bare,0.27630284428596497,-0.11308769881725311,bare
train,149,2025-04,230,887,bare,bare,1,bare,bare,0.2142857015132904,-0.4091503322124481,bare
