set,point_id,month,row,col,stratum,label,fold,cnn,phase1
pilot,0,2024-08,947,838,water,water,1,water,water
pilot,1,2024-08,757,458,vegetation,dense_veg,0,dense_veg,dense_veg
pilot,3,2024-08,1740,206,bare,bare,1,bare,bare
pilot,4,2025-04,150,1432,vegetation,dense_veg,3,sparse_veg,dense_veg
pilot,5,2024-08,1079,956,vegetation,dense_veg,1,dense_veg,dense_veg
pilot,6,2024-08,776,671,vegetation,dense_veg,0,dense_veg,dense_veg
pilot,7,2024-08,657,1088,bare,bare,2,bare,bare
pilot,8,2024-10,751,2159,vegetation,dense_veg,0,dense_veg,dense_veg
pilot,9,2024-10,663,2091,vegetation,dense_veg,2,dense_veg,dense_veg
pilot,10,2025-04,616,1345,bare,bare,0,bare,bare
pilot,11,2024-08,1529,220,vegetation,dense_veg,0,dense_veg,dense_veg
pilot,12,2024-08,859,1358,bare,bare,0,bare,bare
pilot,13,2024-08,1080,864,vegetation,dense_veg,3,dense_veg,dense_veg
pilot,14,2024-08,1385,373,vegetation,dense_veg,0,dense_veg,dense_veg
pilot,15,2024-08,592,99,vegetation,dense_veg,3,dense_veg,dense_veg
pilot,16,2024-08,1592,1291,water,water,3,water,water
pilot,17,2024-08,1017,1570,vegetation,dense_veg,1,dense_veg,dense_veg
pilot,18,2024-08,706,1582,bare,bare,1,bare,bare
pilot,19,2024-08,835,1496,bare,bare,0,bare,bare
pilot,20,2025-04,161,1090,vegetation,dense_veg,2,dense_veg,dense_veg
pilot,21,2024-08,1377,988,vegetation,dense_veg,1,dense_veg,dense_veg
pilot,22,2024-08,790,481,bare,bare,2,bare,bare
pilot,23,2024-08,1223,199,bare,water,0,bare,bare
pilot,24,2024-08,629,414,vegetation,dense_veg,1,dense_veg,dense_veg
pilot,25,2025-04,391,1988,water,water,0,water,water
pilot,26,2024-10,716,1637,water,water,1,water,water
pilot,27,2024-08,1254,422,vegetation,dense_veg,2,dense_veg,dense_veg
pilot,28,2024-08,754,762,vegetation,dense_veg,1,dense_veg,dense_veg
pilot,29,2024-08,1501,1044,vegetation,dense_veg,2,sparse_veg,dense_veg
train,0,2024-08,833,2270,water,water,1,water,water
train,1,2025-04,293,1264,water,water,0,water,water
train,2,2024-08,983,401,high,dense_veg,1,dense_veg,dense_veg
train,3,2024-08,484,238,water,water,0,water,water
train,4,2024-08,1207,166,bare,bare,3,bare,bare
train,5,2024-08,657,1378,high,dense_veg,0,dense_veg,dense_veg
train,6,2024-08,879,976,bare,bare,3,bare,bare
train,7,2024-08,1125,206,mid,bare,0,bare,bare
train,8,2024-08,479,304,high,dense_veg,1,dense_veg,dense_veg
train,9,2025-04,280,936,mid,sparse_veg,3,sparse_veg,sparse_veg
train,10,2024-08,807,1699,mid,sparse_veg,1,bare,bare
train,11,2025-04,459,748,mid,sparse_veg,2,sparse_veg,sparse_veg
train,12,2024-08,944,39,bare,bare,0,bare,bare
train,13,2024-08,1043,1514,water,water,0,water,water
train,14,2024-08,1017,1171,mid,bare,2,sparse_veg,sparse_veg
train,15,2024-08,1066,298,mid,bare,1,sparse_veg,sparse_veg
train,16,2024-10,783,2128,mid,bare,1,sparse_veg,bare
train,17,2024-10,659,2169,mid,bare,0,sparse_veg,sparse_veg
train,18,2024-08,892,542,high,dense_veg,2,dense_veg,dense_veg
train,19,2024-08,1105,306,mid,dense_veg,2,sparse_veg,sparse_veg
train,20,2024-08,1347,793,mid,bare,2,sparse_veg,sparse_veg
train,21,2025-04,188,1125,mid,sparse_veg,0,sparse_veg,sparse_veg
train,22,2024-08,964,977,high,dense_veg,1,dense_veg,dense_veg
train,23,2024-08,1024,471,mid,bare,2,sparse_veg,sparse_veg
train,24,2025-04,581,731,mid,sparse_veg,1,bare,bare
train,25,2025-04,212,857,bare,bare,3,bare,bare
train,26,2024-08,1740,50,water,water,0,water,water
train,27,2024-08,1180,75,high,dense_veg,3,dense_veg,dense_veg
train,28,2025-04,208,1496,mid,bare,0,sparse_veg,bare
train,29,2024-08,868,2221,high,dense_veg,2,dense_veg,dense_veg
train,30,2024-08,1585,805,high,dense_veg,0,dense_veg,dense_veg
train,31,2024-08,703,1053,bare,bare,0,bare,bare
train,32,2024-08,1044,1610,mid,bare,3,sparse_veg,sparse_veg
train,33,2025-04,236,1060,high,dense_veg,2,sparse_veg,dense_veg
train,34,2025-04,39,798,mid,water,0,water,bare
train,35,2025-04,101,1153,water,water,1,water,water
train,36,2024-08,1062,742,high,dense_veg,3,dense_veg,dense_veg
train,37,2025-04,292,2120,mid,bare,0,sparse_veg,bare
train,38,2024-08,1719,578,mid,bare,3,bare,bare
train,39,2024-08,1692,702,high,dense_veg,1,dense_veg,dense_veg
train,40,2024-08,1165,490,mid,sparse_veg,2,sparse_veg,sparse_veg
train,41,2025-04,501,2022,mid,bare,2,bare,bare
train,42,2024-08,1051,1553,high,dense_veg,3,dense_veg,dense_veg
train,43,2025-04,321,1622,mid,bare,0,bare,bare
train,44,2025-04,195,2080,water,water,3,water,water
train,45,2025-04,355,1368,high,dense_veg,2,sparse_veg,sparse_veg
train,46,2024-08,1695,86,bare,bare,2,bare,bare
train,47,2025-04,552,1846,mid,bare,3,bare,bare
train,48,2024-08,1520,363,water,water,2,water,water
train,49,2024-08,1375,99,bare,bare,0,bare,bare
train,50,2025-04,439,1164,bare,sparse_veg,2,sparse_veg,sparse_veg
train,51,2024-08,782,796,mid,bare,1,sparse_veg,bare
train,52,2024-08,1096,420,high,sparse_veg,3,sparse_veg,dense_veg
train,53,2024-08,1396,801,high,dense_veg,0,dense_veg,dense_veg
train,54,2025-04,346,824,bare,bare,1,bare,bare
train,55,2024-08,1290,664,high,sparse_veg,1,dense_veg,dense_veg
train,56,2024-08,568,173,high,dense_veg,0,dense_veg,dense_veg
train,57,2024-08,1475,947,mid,bare,3,sparse_veg,sparse_veg
train,58,2024-08,1086,98,high,dense_veg,3,dense_veg,dense_veg
train,59,2025-04,422,2082,water,water,3,water,water
train,60,2024-08,1901,452,bare,bare,1,bare,bare
train,61,2024-08,1572,977,mid,bare,2,sparse_veg,sparse_veg
train,62,2024-08,567,130,mid,bare,0,bare,bare
train,63,2024-08,1120,954,mid,sparse_veg,1,sparse_veg,sparse_veg
train,64,2025-04,494,1262,high,bare,3,bare,bare
train,65,2024-08,508,324,high,dense_veg,3,sparse_veg,dense_veg
train,66,2025-04,340,731,mid,bare,2,bare,bare
train,67,2024-08,631,1531,bare,bare,3,bare,bare
train,68,2024-08,885,281,mid,bare,3,bare,bare
train,69,2024-08,1120,3,bare,bare,1,bare,bare
train,70,2024-08,1150,332,high,dense_veg,0,dense_veg,dense_veg
train,71,2025-04,402,1199,mid,sparse_veg,0,sparse_veg,sparse_veg
train,72,2024-08,1491,900,mid,sparse_veg,3,sparse_veg,sparse_veg
train,73,2024-08,746,72,bare,bare,1,bare,bare
train,74,2024-08,783,865,mid,bare,0,bare,bare
train,75,2025-04,94,906,mid,sparse_veg,1,sparse_veg,sparse_veg
train,76,2024-08,1292,585,mid,sparse_veg,1,sparse_veg,sparse_veg
train,77,2024-08,1440,1203,high,dense_veg,3,dense_veg,dense_veg
train,78,2024-08,1344,229,water,water,1,water,water
train,79,2024-10,621,2062,mid,bare,1,sparse_veg,bare
train,80,2024-08,700,316,bare,bare,0,bare,bare
train,81,2024-08,977,794,mid,sparse_veg,0,sparse_veg,sparse_veg
train,82,2025-04,421,1122,high,dense_veg,3,dense_veg,dense_veg
train,83,2024-10,760,1840,water,water,2,water,water
train,84,2024-08,1126,1051,mid,bare,2,sparse_veg,sparse_veg
train,85,2025-04,376,861,bare,bare,2,bare,bare
train,86,2024-08,772,948,mid,sparse_veg,0,sparse_veg,sparse_veg
train,87,2024-08,643,1205,water,water,2,sparse_veg,water
train,88,2024-08,908,1423,high,dense_veg,1,dense_veg,dense_veg
train,89,2024-08,1150,622,mid,bare,2,bare,bare
train,90,2024-08,663,693,bare,bare,1,bare,bare
train,91,2025-04,517,1088,bare,bare,3,sparse_veg,bare
train,92,2024-08,1321,1299,high,sparse_veg,2,dense_veg,dense_veg
train,93,2024-08,1309,1148,high,dense_veg,2,dense_veg,dense_veg
train,94,2025-04,424,1857,mid,bare,2,bare,bare
train,95,2025-04,276,1204,mid,sparse_veg,2,sparse_veg,sparse_veg
train,96,2024-08,646,366,mid,bare,1,bare,bare
train,97,2024-08,903,1177,mid,sparse_veg,2,sparse_veg,sparse_veg
train,98,2025-04,434,1478,high,sparse_veg,3,sparse_veg,sparse_veg
train,99,2024-08,1286,981,bare,bare,0,bare,bare
train,100,2025-04,450,1349,high,bare,0,sparse_veg,sparse_veg
train,101,2024-08,1229,1109,high,dense_veg,0,dense_veg,dense_veg
train,102,2024-08,1142,1430,mid,sparse_veg,1,sparse_veg,sparse_veg
train,103,2025-04,177,2116,water,water,3,water,water
train,104,2024-10,835,1983,high,sparse_veg,3,sparse_veg,dense_veg
train,105,2025-04,466,647,mid,water,2,bare,bare
train,106,2025-04,618,647,mid,bare,3,bare,bare
train,107,2024-08,695,737,mid,bare,1,bare,bare
train,108,2024-08,1009,416,high,dense_veg,0,dense_veg,dense_veg
train,109,2025-04,336,769,mid,bare,0,sparse_veg,bare
train,110,2024-08,1040,666,high,dense_veg,1,dense_veg,dense_veg
train,111,2024-08,1460,209,mid,water,2,water,sparse_veg
train,112,2024-08,1251,826,mid,water,3,sparse_veg,sparse_veg
train,113,2024-08,1297,1111,mid,bare,1,bare,bare
train,114,2025-04,415,1014,mid,sparse_veg,0,sparse_veg,sparse_veg
train,115,2024-08,1427,478,mid,sparse_veg,2,sparse_veg,bare
train,116,2024-08,1828,166,mid,sparse_veg,0,sparse_veg,sparse_veg
train,117,2024-08,1051,1257,high,dense_veg,2,dense_veg,dense_veg
train,118,2024-08,950,1482,mid,bare,2,sparse_veg,bare
train,119,2024-08,743,287,high,dense_veg,2,dense_veg,dense_veg
train,120,2024-08,1425,376,mid,dense_veg,3,sparse_veg,sparse_veg
train,121,2024-08,548,330,mid,bare,2,bare,bare
train,122,2025-04,416,673,mid,sparse_veg,3,sparse_veg,sparse_veg
train,123,2025-04,354,1647,mid,bare,1,bare,bare
train,124,2025-04,333,1088,mid,water,1,bare,bare
train,125,2024-08,836,549,mid,sparse_veg,0,sparse_veg,sparse_veg
train,126,2025-04,297,1343,high,dense_veg,0,sparse_veg,sparse_veg
train,127,2024-08,705,459,mid,sparse_veg,3,sparse_veg,sparse_veg
train,128,2024-08,1464,81,bare,bare,2,bare,bare
train,129,2024-08,1594,644,mid,water,2,sparse_veg,bare
train,130,2024-08,1021,791,mid,bare,2,bare,bare
train,131,2025-04,109,1042,mid,bare,1,sparse_veg,sparse_veg
train,132,2024-08,769,407,mid,bare,3,sparse_veg,sparse_veg
train,133,2024-08,1360,1398,water,water,2,water,water
train,134,2024-08,1091,1165,mid,water,3,sparse_veg,bare
train,135,2024-08,925,529,mid,bare,3,sparse_veg,sparse_veg
train,136,2024-08,975,76,high,bare,3,sparse_veg,dense_veg
train,137,2024-08,1672,745,high,dense_veg,1,dense_veg,dense_veg
train,138,2025-04,569,874,bare,bare,0,bare,bare
train,139,2025-04,450,1911,mid,bare,3,bare,bare
train,140,2024-08,1566,599,mid,bare,3,bare,bare
train,141,2024-08,1197,808,high,dense_veg,3,dense_veg,dense_veg
train,142,2024-08,642,1117,mid,bare,3,sparse_veg,sparse_veg
train,143,2025-04,443,2018,water,water,1,water,water
train,144,2024-10,542,2126,mid,bare,2,bare,bare
train,145,2025-04,375,997,mid,bare,1,bare,bare
train,146,2024-08,1781,291,mid,bare,1,sparse_veg,bare
train,147,2024-08,1008,516,bare,bare,0,bare,bare
train,148,2024-08,556,242,mid,water,3,sparse_veg,bare
train,149,2025-04,230,887,bare,bare,1,bare,bare
