point_id,label,trees_visible,confident,note,target_month,imagery_date,labeller,labelled_at
0,water,False,True,,2024-08,2024-08-23,Vitalii Nechai,2026-10-01T21:27:38+00:00
1,water,False,True,,2025-04,2025-04-25,Vitalii Nechai,2026-09-26T23:41:02+00:00
2,dense_veg,False,True,,2024-08,2024-08-23,Vitalii Nechai,2026-09-26T23:41:20+00:00
3,water,False,True,,2024-08,2024-08-23,Vitalii Nechai,2026-09-26T23:41:31+00:00
4,bare,False,True,,2024-08,2024-08-23,Vitalii Nechai,2026-09-26T23:41:42+00:00
5,dense_veg,True,True,,2024-08,2024-08-23,Vitalii Nechai,2026-09-26T23:41:47+00:00
6,bare,False,True,,2024-08,2024-08-23,Vitalii Nechai,2026-09-26T23:41:52+00:00
7,bare,False,True,,2024-08,2024-08-23,Vitalii Nechai,2026-09-26T23:42:11+00:00
8,dense_veg,False,True,,2024-08,2024-08-23,Vitalii Nechai,2026-09-26T23:42:23+00:00
9,sparse_veg,False,True,,2025-04,2025-04-25,Vitalii Nechai,2026-09-26T23:46:17+00:00
10,sparse_veg,False,True,,2024-08,2024-08-23,Vitalii Nechai,2026-09-26T23:46:56+00:00
11,sparse_veg,False,False,,2025-04,2025-04-25,Vitalii Nechai,2026-09-26T23:53:04+00:00
12,bare,False,False,,2024-08,2024-08-23,Vitalii Nechai,2026-09-26T23:53:36+00:00
13,water,False,True,,2024-08,2024-08-23,Vitalii Nechai,2026-09-26T23:53:41+00:00
14,bare,False,True,,2024-08,2024-08-23,Vitalii Nechai,2026-09-26T23:53:55+00:00
15,bare,False,True,,2024-08,2024-08-23,Vitalii Nechai,2026-09-26T23:54:04+00:00
16,bare,False,True,,2024-10,2024-10-22,Vitalii Nechai,2026-09-26T23:54:36+00:00
17,bare,False,True,mud / shallow water,2024-10,2024-10-22,Vitalii Nechai,2026-09-26T23:55:22+00:00
18,dense_veg,False,True,,2024-08,2024-08-23,Vitalii Nechai,2026-09-26T23:55:33+00:00
19,dense_veg,False,True,,2024-08,2024-08-23,Vitalii Nechai,2026-09-26T23:55:48+00:00
20,bare,False,True,,2024-08,2024-08-23,Vitalii Nechai,2026-09-26T23:55:54+00:00
21,sparse_veg,False,True,,2025-04,2025-04-25,Vitalii Nechai,2026-09-27T00:01:21+00:00
22,dense_veg,False,True,,2024-08,2024-08-23,Vitalii Nechai,2026-09-27T00:02:31+00:00
23,bare,False,True,,2024-08,2024-08-23,Vitalii Nechai,2026-09-27T00:02:36+00:00
24,sparse_veg,False,True,,2025-04,2025-04-25,Vitalii Nechai,2026-09-27T00:02:44+00:00
25,bare,False,True,,2025-04,2025-04-25,Vitalii Nechai,2026-09-27T00:02:59+00:00
26,water,False,True,,2024-08,2024-08-23,Vitalii Nechai,2026-09-27T00:03:04+00:00
27,dense_veg,False,True,,2024-08,2024-08-23,Vitalii Nechai,2026-09-27T00:03:08+00:00
28,bare,False,True,,2025-04,2025-04-25,Vitalii Nechai,2026-09-27T00:03:15+00:00
29,dense_veg,False,True,,2024-08,2024-08-23,Vitalii Nechai,2026-09-27T00:03:22+00:00
30,dense_veg,False,True,,2024-08,2024-08-23,Vitalii Nechai,2026-09-27T00:03:29+00:00
31,bare,False,True,,2024-08,2024-08-23,Vitalii Nechai,2026-09-27T00:03:36+00:00
32,bare,False,True,,2024-08,2024-08-23,Vitalii Nechai,2026-09-27T00:03:41+00:00
33,dense_veg,True,True,,2025-04,2025-04-25,Vitalii Nechai,2026-09-27T00:04:08+00:00
34,water,False,True,,2025-04,2025-04-25,Vitalii Nechai,2026-09-27T00:04:13+00:00
35,water,False,True,,2025-04,2025-04-25,Vitalii Nechai,2026-09-27T00:07:36+00:00
36,dense_veg,False,True,,2024-08,2024-08-23,Vitalii Nechai,2026-09-27T00:07:48+00:00
37,bare,False,True,,2025-04,2025-04-25,Vitalii Nechai,2026-09-27T00:07:52+00:00
38,bare,False,True,,2024-08,2024-08-23,Vitalii Nechai,2026-09-27T00:07:57+00:00
39,dense_veg,False,True,,2024-08,2024-08-23,Vitalii Nechai,2026-09-27T00:08:06+00:00
40,sparse_veg,False,True,,2024-08,2024-08-23,Vitalii Nechai,2026-09-27T00:08:12+00:00
41,bare,False,True,,2025-04,2025-04-25,Vitalii Nechai,2026-09-27T00:10:14+00:00
42,dense_veg,False,True,,2024-08,2024-08-23,Vitalii Nechai,2026-09-27T00:10:19+00:00
43,bare,False,True,,2025-04,2025-04-25,Vitalii Nechai,2026-09-27T00:10:42+00:00
44,water,False,True,,2025-04,2025-04-25,Vitalii Nechai,2026-09-27T00:10:49+00:00
45,dense_veg,True,True,,2025-04,2025-04-25,Vitalii Nechai,2026-09-27T00:10:58+00:00
46,bare,False,True,,2024-08,2024-08-23,Vitalii Nechai,2026-09-27T00:11:02+00:00
47,bare,False,True,,2025-04,2025-04-25,Vitalii Nechai,2026-09-27T00:12:50+00:00
48,water,False,True,,2024-08,2024-08-23,Vitalii Nechai,2026-09-27T00:12:56+00:00
49,bare,False,True,,2024-08,2024-08-23,Vitalii Nechai,2026-09-27T00:13:00+00:00
50,sparse_veg,False,True,,2025-04,2025-04-25,Vitalii Nechai,2026-09-27T00:13:10+00:00
51,bare,False,True,,2024-08,2024-08-23,Vitalii Nechai,2026-09-27T00:13:14+00:00
52,sparse_veg,False,True,,2024-08,2024-08-23,Vitalii Nechai,2026-09-27T00:13:18+00:00
53,dense_veg,False,True,,2024-08,2024-08-23,Vitalii Nechai,2026-09-27T00:13:22+00:00
54,bare,False,True,,2025-04,2025-04-25,Vitalii Nechai,2026-09-27T00:13:27+00:00
55,sparse_veg,False,True,,2024-08,2024-08-23,Vitalii Nechai,2026-09-27T00:13:34+00:00
56,dense_veg,False,True,,2024-08,2024-08-23,Vitalii Nechai,2026-09-27T00:13:47+00:00
57,bare,False,True,,2024-08,2024-08-23,Vitalii Nechai,2026-09-27T00:13:54+00:00
58,dense_veg,False,True,,2024-08,2024-08-23,Vitalii Nechai,2026-09-27T00:13:59+00:00
59,water,False,True,,2025-04,2025-04-25,Vitalii Nechai,2026-09-27T00:14:06+00:00
60,bare,False,True,,2024-08,2024-08-23,Vitalii Nechai,2026-09-27T00:14:11+00:00
61,bare,False,True,,2024-08,2024-08-23,Vitalii Nechai,2026-09-27T00:14:18+00:00
62,bare,False,True,,2024-08,2024-08-23,Vitalii Nechai,2026-09-27T00:14:23+00:00
63,sparse_veg,False,True,,2024-08,2024-08-23,Vitalii Nechai,2026-09-27T00:14:33+00:00
64,bare,False,True,,2025-04,2025-04-25,Vitalii Nechai,2026-09-27T00:14:41+00:00
65,dense_veg,False,True,,2024-08,2024-08-23,Vitalii Nechai,2026-09-27T00:14:47+00:00
66,bare,False,True,,2025-04,2025-04-25,Vitalii Nechai,2026-09-27T00:14:52+00:00
67,bare,False,True,,2024-08,2024-08-23,Vitalii Nechai,2026-09-27T00:14:56+00:00
68,bare,False,True,,2024-08,2024-08-23,Vitalii Nechai,2026-09-27T00:15:00+00:00
69,bare,False,True,,2024-08,2024-08-23,Vitalii Nechai,2026-09-27T00:15:04+00:00
70,dense_veg,False,True,,2024-08,2024-08-23,Vitalii Nechai,2026-09-27T00:15:10+00:00
71,sparse_veg,False,True,,2025-04,2025-04-25,Vitalii Nechai,2026-09-27T00:15:16+00:00
72,sparse_veg,False,True,,2024-08,2024-08-23,Vitalii Nechai,2026-09-27T00:15:30+00:00
73,bare,False,True,,2024-08,2024-08-23,Vitalii Nechai,2026-09-27T00:15:35+00:00
74,bare,False,True,,2024-08,2024-08-23,Vitalii Nechai,2026-09-27T00:15:39+00:00
75,sparse_veg,False,True,,2025-04,2025-04-25,Vitalii Nechai,2026-09-27T00:15:46+00:00
76,sparse_veg,False,True,,2024-08,2024-08-23,Vitalii Nechai,2026-09-27T00:15:50+00:00
77,dense_veg,False,True,,2024-08,2024-08-23,Vitalii Nechai,2026-09-27T00:15:58+00:00
78,water,False,True,,2024-08,2024-08-23,Vitalii Nechai,2026-09-27T00:16:12+00:00
79,bare,False,True,,2024-10,2024-10-22,Vitalii Nechai,2026-09-27T00:16:17+00:00
80,bare,False,True,,2024-08,2024-08-23,Vitalii Nechai,2026-09-27T00:16:21+00:00
81,sparse_veg,False,True,,2024-08,2024-08-23,Vitalii Nechai,2026-09-27T00:16:32+00:00
82,dense_veg,True,True,,2025-04,2025-04-25,Vitalii Nechai,2026-09-27T00:16:41+00:00
83,water,False,True,,2024-10,2024-10-22,Vitalii Nechai,2026-09-27T00:16:48+00:00
84,bare,False,True,,2024-08,2024-08-23,Vitalii Nechai,2026-09-27T00:16:54+00:00
85,bare,False,True,,2025-04,2025-04-25,Vitalii Nechai,2026-09-27T00:16:58+00:00
86,sparse_veg,False,True,,2024-08,2024-08-23,Vitalii Nechai,2026-09-27T00:17:03+00:00
87,water,False,True,,2024-08,2024-08-23,Vitalii Nechai,2026-09-27T00:17:13+00:00
88,dense_veg,False,True,,2024-08,2024-08-23,Vitalii Nechai,2026-09-27T00:17:23+00:00
89,bare,False,True,,2024-08,2024-08-23,Vitalii Nechai,2026-09-27T00:17:27+00:00
90,bare,False,True,,2024-08,2024-08-23,Vitalii Nechai,2026-09-27T00:17:35+00:00
91,bare,False,True,,2025-04,2025-04-25,Vitalii Nechai,2026-09-27T00:17:41+00:00
92,sparse_veg,False,False,,2024-08,2024-08-23,Vitalii Nechai,2026-09-27T00:17:48+00:00
93,dense_veg,False,True,,2024-08,2024-08-23,Vitalii Nechai,2026-09-27T00:17:52+00:00
94,bare,False,True,,2025-04,2025-04-25,Vitalii Nechai,2026-09-27T00:17:57+00:00
95,sparse_veg,False,True,,2025-04,2025-04-25,Vitalii Nechai,2026-09-27T00:18:02+00:00
96,bare,False,True,,2024-08,2024-08-23,Vitalii Nechai,2026-09-27T00:18:06+00:00
97,sparse_veg,False,True,,2024-08,2024-08-23,Vitalii Nechai,2026-09-27T00:18:10+00:00
98,sparse_veg,False,True,,2025-04,2025-04-25,Vitalii Nechai,2026-09-27T00:18:21+00:00
99,bare,False,True,,2024-08,2024-08-23,Vitalii Nechai,2026-09-27T00:18:31+00:00
100,bare,False,True,,2025-04,2025-04-25,Vitalii Nechai,2026-09-27T00:18:35+00:00
101,dense_veg,False,True,,2024-08,2024-08-23,Vitalii Nechai,2026-09-27T00:18:45+00:00
102,sparse_veg,False,True,,2024-08,2024-08-23,Vitalii Nechai,2026-09-27T00:18:49+00:00
103,water,False,True,,2025-04,2025-04-25,Vitalii Nechai,2026-09-27T00:18:55+00:00
104,sparse_veg,False,True,,2024-10,2024-10-22,Vitalii Nechai,2026-09-27T00:19:00+00:00
105,water,False,True,,2025-04,2025-04-25,Vitalii Nechai,2026-09-27T00:19:06+00:00
106,bare,False,True,,2025-04,2025-04-25,Vitalii Nechai,2026-09-27T00:19:11+00:00
107,bare,False,True,,2024-08,2024-08-23,Vitalii Nechai,2026-09-27T00:20:47+00:00
108,dense_veg,False,True,,2024-08,2024-08-23,Vitalii Nechai,2026-09-27T00:20:52+00:00
109,bare,False,True,,2025-04,2025-04-25,Vitalii Nechai,2026-09-27T00:20:56+00:00
110,dense_veg,False,True,,2024-08,2024-08-23,Vitalii Nechai,2026-09-27T00:21:00+00:00
111,water,False,True,,2024-08,2024-08-23,Vitalii Nechai,2026-09-27T00:21:06+00:00
112,water,False,True,,2024-08,2024-08-23,Vitalii Nechai,2026-09-27T00:21:09+00:00
113,bare,False,True,,2024-08,2024-08-23,Vitalii Nechai,2026-09-27T00:21:15+00:00
114,sparse_veg,False,False,,2025-04,2025-04-25,Vitalii Nechai,2026-09-27T00:21:39+00:00
115,sparse_veg,False,True,,2024-08,2024-08-23,Vitalii Nechai,2026-09-27T00:21:43+00:00
116,sparse_veg,False,True,,2024-08,2024-08-23,Vitalii Nechai,2026-09-27T00:21:49+00:00
117,dense_veg,False,True,,2024-08,2024-08-23,Vitalii Nechai,2026-09-27T00:21:53+00:00
118,bare,False,True,,2024-08,2024-08-23,Vitalii Nechai,2026-09-27T00:22:03+00:00
119,dense_veg,False,True,,2024-08,2024-08-23,Vitalii Nechai,2026-09-27T00:22:07+00:00
120,dense_veg,False,True,,2024-08,2024-08-23,Vitalii Nechai,2026-09-27T00:22:12+00:00
121,bare,False,True,,2024-08,2024-08-23,Vitalii Nechai,2026-09-27T00:22:16+00:00
122,sparse_veg,False,True,,2025-04,2025-04-25,Vitalii Nechai,2026-09-27T00:22:27+00:00
123,bare,False,True,,2025-04,2025-04-25,Vitalii Nechai,2026-09-27T00:22:32+00:00
124,water,False,True,,2025-04,2025-04-25,Vitalii Nechai,2026-09-27T00:22:40+00:00
125,sparse_veg,False,True,,2024-08,2024-08-23,Vitalii Nechai,2026-09-27T00:22:44+00:00
126,dense_veg,False,True,,2025-04,2025-04-25,Vitalii Nechai,2026-09-27T00:23:21+00:00
127,sparse_veg,False,True,,2024-08,2024-08-23,Vitalii Nechai,2026-09-27T00:23:26+00:00
128,bare,False,True,,2024-08,2024-08-23,Vitalii Nechai,2026-09-27T00:23:30+00:00
129,water,False,True,,2024-08,2024-08-23,Vitalii Nechai,2026-09-27T00:23:34+00:00
130,bare,False,True,,2024-08,2024-08-23,Vitalii Nechai,2026-09-27T00:23:39+00:00
131,bare,False,True,,2025-04,2025-04-25,Vitalii Nechai,2026-09-27T00:23:43+00:00
132,bare,False,True,,2024-08,2024-08-23,Vitalii Nechai,2026-09-27T00:23:47+00:00
133,water,False,True,,2024-08,2024-08-23,Vitalii Nechai,2026-09-27T00:23:53+00:00
134,water,False,True,,2024-08,2024-08-23,Vitalii Nechai,2026-09-27T00:23:59+00:00
135,bare,False,True,,2024-08,2024-08-23,Vitalii Nechai,2026-09-27T00:24:11+00:00
136,bare,False,False,,2024-08,2024-08-23,Vitalii Nechai,2026-09-27T00:24:23+00:00
137,dense_veg,False,True,,2024-08,2024-08-23,Vitalii Nechai,2026-09-27T00:24:29+00:00
138,bare,False,True,,2025-04,2025-04-25,Vitalii Nechai,2026-09-27T00:24:35+00:00
139,bare,False,True,,2025-04,2025-04-25,Vitalii Nechai,2026-09-27T00:25:25+00:00
140,bare,False,True,,2024-08,2024-08-23,Vitalii Nechai,2026-09-27T00:25:40+00:00
141,dense_veg,False,True,,2024-08,2024-08-23,Vitalii Nechai,2026-09-27T00:25:44+00:00
142,bare,False,True,,2024-08,2024-08-23,Vitalii Nechai,2026-09-27T00:25:51+00:00
143,water,False,True,,2025-04,2025-04-25,Vitalii Nechai,2026-09-27T00:25:57+00:00
144,bare,False,True,,2024-10,2024-10-22,Vitalii Nechai,2026-09-27T00:26:07+00:00
145,bare,False,True,,2025-04,2025-04-25,Vitalii Nechai,2026-09-27T00:26:12+00:00
146,bare,False,False,,2024-08,2024-08-23,Vitalii Nechai,2026-09-27T00:26:21+00:00
147,bare,False,False,,2024-08,2024-08-23,Vitalii Nechai,2026-09-27T00:26:28+00:00
148,water,False,False,,2024-08,2024-08-23,Vitalii Nechai,2026-09-27T00:26:58+00:00
149,bare,False,True,,2025-04,2025-04-25,Vitalii Nechai,2026-09-27T00:27:10+00:00
