point_id,label,confident,note,target_month,imagery_date,labeller,labelled_at
0,water,True,,2024-08,2024-08-23,Vitalii Nechai,2026-09-26T15:29:29+00:00
1,herbaceous,False,"green, probably low vegetation, mixed with a little sand",2024-08,2024-08-23,Vitalii Nechai,2026-09-26T15:33:44+00:00
2,bare,False,,2024-08,2024-08-23,Vitalii Nechai,2026-09-26T15:35:10+00:00
3,bare,True,mostly sand with a couple patches of greenery,2024-08,2024-08-23,Vitalii Nechai,2026-09-26T15:35:35+00:00
4,woody,True,,2025-04,2025-04-25,Vitalii Nechai,2026-09-26T15:39:59+00:00
5,woody,False,,2024-08,2024-08-23,Vitalii Nechai,2026-09-26T15:40:11+00:00
6,woody,False,green vegetation with a bit of sand,2024-08,2024-08-23,Vitalii Nechai,2026-09-26T15:40:34+00:00
7,bare,True,,2024-08,2024-08-23,Vitalii Nechai,2026-09-26T15:40:48+00:00
8,woody,True,,2024-10,2024-10-22,Vitalii Nechai,2026-09-26T15:41:00+00:00
9,woody,True,,2024-10,2024-10-22,Vitalii Nechai,2026-09-26T15:41:05+00:00
10,unsure,True,very shallow water on the sand or wet sand,2025-04,2025-04-25,Vitalii Nechai,2026-09-26T15:41:48+00:00
11,woody,True,,2024-08,2024-08-23,Vitalii Nechai,2026-09-26T15:41:53+00:00
12,bare,True,,2024-08,2024-08-23,Vitalii Nechai,2026-09-26T15:41:59+00:00
13,woody,True,,2024-08,2024-08-23,Vitalii Nechai,2026-09-26T15:42:03+00:00
14,woody,True,,2024-08,2024-08-23,Vitalii Nechai,2026-09-26T15:42:08+00:00
15,woody,True,,2024-08,2024-08-23,Vitalii Nechai,2026-09-26T15:42:43+00:00
16,water,True,,2024-08,2024-08-23,Vitalii Nechai,2026-09-26T15:43:09+00:00
17,woody,False,,2024-08,2024-08-23,Vitalii Nechai,2026-09-26T15:43:28+00:00
18,bare,True,,2024-08,2024-08-23,Vitalii Nechai,2026-09-26T15:43:38+00:00
19,bare,True,,2024-08,2024-08-23,Vitalii Nechai,2026-09-26T15:43:43+00:00
20,woody,True,,2025-04,2025-04-25,Vitalii Nechai,2026-09-26T15:43:56+00:00
21,woody,True,,2024-08,2024-08-23,Vitalii Nechai,2026-09-26T15:44:02+00:00
22,bare,True,,2024-08,2024-08-23,Vitalii Nechai,2026-09-26T15:44:06+00:00
23,water,True,,2024-08,2024-08-23,Vitalii Nechai,2026-09-26T15:44:10+00:00
24,woody,True,,2024-08,2024-08-23,Vitalii Nechai,2026-09-26T15:44:15+00:00
25,water,True,water is shallow so a little bit of send is visible,2025-04,2025-04-25,Vitalii Nechai,2026-09-26T15:44:41+00:00
26,water,True,,2024-10,2024-10-22,Vitalii Nechai,2026-09-26T15:45:01+00:00
27,woody,True,,2024-08,2024-08-23,Vitalii Nechai,2026-09-26T15:45:05+00:00
28,woody,True,,2024-08,2024-08-23,Vitalii Nechai,2026-09-26T15:45:11+00:00
29,woody,True,,2024-08,2024-08-23,Vitalii Nechai,2026-09-26T15:45:34+00:00
