point_id,row,col,x,y,stratum,lon,lat,imagery_date,target_month,area
0,947,838,594855.0,5261165.0,water,34.259407,47.497,2024-08-23,2024-08,velykyi_luh
1,757,458,591055.0,5263065.0,vegetation,34.209358,47.514636,2024-08-23,2024-08,velykyi_luh
2,1125,506,591535.0,5259385.0,vegetation,34.214968,47.481463,2024-08-23,2024-08,velykyi_luh
3,1740,206,588535.0,5253235.0,bare,34.173925,47.426552,2024-08-23,2024-08,velykyi_luh
4,150,1432,600795.0,5269135.0,vegetation,34.340077,47.567801,2025-04-25,2025-04,velykyi_luh
5,1079,956,596035.0,5259845.0,vegetation,34.274783,47.484953,2024-08-23,2024-08,velykyi_luh
6,776,671,593185.0,5262875.0,vegetation,34.237601,47.512625,2024-08-23,2024-08,velykyi_luh
7,657,1088,597355.0,5264065.0,bare,34.293232,47.522719,2024-08-23,2024-08,velykyi_luh
8,751,2159,608065.0,5263125.0,vegetation,34.435226,47.512571,2024-10-22,2024-10,velykyi_luh
9,663,2091,607385.0,5264005.0,vegetation,34.426412,47.520599,2024-10-22,2024-10,velykyi_luh
10,616,1345,599925.0,5264475.0,bare,34.327455,47.526017,2025-04-25,2025-04,velykyi_luh
11,1529,220,588675.0,5255345.0,vegetation,34.176203,47.445515,2024-08-23,2024-08,velykyi_luh
12,859,1358,600055.0,5262045.0,bare,34.328629,47.504138,2024-08-23,2024-08,velykyi_luh
13,1080,864,595115.0,5259835.0,vegetation,34.262571,47.484998,2024-08-23,2024-08,velykyi_luh
14,1385,373,590205.0,5256785.0,vegetation,34.196787,47.458259,2024-08-23,2024-08,velykyi_luh
15,592,99,587465.0,5264715.0,vegetation,34.162015,47.529972,2024-08-23,2024-08,velykyi_luh
16,1592,1291,599385.0,5254715.0,water,34.318085,47.438302,2024-08-23,2024-08,velykyi_luh
17,1017,1570,602175.0,5260465.0,vegetation,34.356407,47.489595,2024-08-23,2024-08,velykyi_luh
18,706,1582,602295.0,5263575.0,bare,34.358721,47.517552,2024-08-23,2024-08,velykyi_luh
19,835,1496,601435.0,5262285.0,bare,34.347004,47.506083,2024-08-23,2024-08,velykyi_luh
20,161,1090,597375.0,5269025.0,vegetation,34.294596,47.567334,2025-04-25,2025-04,velykyi_luh
21,1377,988,596355.0,5256865.0,vegetation,34.278379,47.458098,2024-08-23,2024-08,velykyi_luh
22,790,481,591285.0,5262735.0,bare,34.212344,47.511635,2024-08-23,2024-08,velykyi_luh
23,1223,199,588465.0,5258405.0,bare,34.174031,47.473071,2024-08-23,2024-08,velykyi_luh
24,629,414,590615.0,5264345.0,vegetation,34.203779,47.526212,2024-08-23,2024-08,velykyi_luh
25,391,1988,606355.0,5266725.0,water,34.413392,47.545235,2025-04-25,2025-04,velykyi_luh
26,716,1637,602845.0,5263475.0,water,34.366001,47.516566,2024-10-22,2024-10,velykyi_luh
27,1254,422,590695.0,5258095.0,vegetation,34.203556,47.469976,2024-08-23,2024-08,velykyi_luh
28,754,762,594095.0,5263095.0,vegetation,34.249731,47.514473,2024-08-23,2024-08,velykyi_luh
29,1501,1044,596915.0,5255625.0,vegetation,34.285535,47.44686,2024-08-23,2024-08,velykyi_luh
